text,language,label,source
"Fever for 3 days now, going to the hospital today",en,1,synthetic
"Dengue cases rising in our neighborhood, stay safe everyone",en,1,synthetic
My whole family is sick with high fever and body ache,en,1,synthetic
"Hospital ER is packed today, so many patients with flu symptoms",en,1,synthetic
Anyone else in Mirpur getting sick? Half my office is down with fever,en,1,synthetic
Confirmed dengue in our building. Platelet count dropping fast,en,1,synthetic
"Feeling terrible, 104 fever since yesterday. Visiting Apollo now",en,1,synthetic
Outbreak alert: multiple dengue cases reported in Uttara sector 7,en,1,synthetic
My son has been vomiting and has high fever for 2 days,en,1,synthetic
Cough and cold spreading fast in our school. 30 students absent today,en,1,synthetic
Doctor confirmed dengue fever. Please use mosquito repellent,en,1,synthetic
Hospitals in Dhaka overwhelmed with dengue patients this week,en,1,synthetic
"Severe headache and joint pain, classic dengue symptoms. Going to doctor",en,1,synthetic
COVID cases rising again in Gulshan. Neighbors all sick,en,1,synthetic
My daughter has 103 fever and rash. Admitted to Square Hospital,en,1,synthetic
Warning: viral fever spreading in Banani area. Take precautions,en,1,synthetic
Feeling weak and nauseous since yesterday. Possible food poisoning,en,1,synthetic
Three people in my family down with dengue simultaneously,en,1,synthetic
Clinic near my house full of patients. Long queue since morning,en,1,synthetic
Sore throat and high temperature. Tested positive for flu,en,1,synthetic
Dengue platelet count at 40k. Admitted to CMH for treatment,en,1,synthetic
Fever outbreak in our locality. Government should spray mosquitoes,en,1,synthetic
My colleague has been sick for a week. Doctor says possible typhoid,en,1,synthetic
Chikungunya spreading in old Dhaka. Many families affected,en,1,synthetic
Body ache and fever since morning. Taking paracetamol but no relief,en,1,synthetic
Health alert: cholera cases detected near Buriganga river area,en,1,synthetic
Half the kids in my daughter school absent due to illness this week,en,1,synthetic
Respiratory infection spreading fast. Many people coughing in my area,en,1,synthetic
Blood test showed dengue NS1 positive. Starting treatment immediately,en,1,synthetic
Flu season hit hard this year. Everyone around me is getting sick,en,1,synthetic
Admitted to hospital with severe dehydration and diarrhea,en,1,synthetic
Outbreak of viral fever in Rampura. At least 20 cases reported,en,1,synthetic
My platelet count dropped to 30k. Doctors are concerned,en,1,synthetic
Fever and chills since last night. Cannot go to work today,en,1,synthetic
Mass illness in garment factory in Ashulia. Workers hospitalized,en,1,synthetic
Dengue season at its worst. Please eliminate standing water near your home,en,1,synthetic
Running high fever and tested positive for COVID again,en,1,synthetic
Multiple neighbors hospitalized with unknown fever. Authorities notified,en,1,synthetic
Severe stomach pain and vomiting all night. Going to emergency now,en,1,synthetic
Typhoid fever outbreak near Jatrabari. Water source suspected,en,1,synthetic
My uncle passed away from dengue complications. Very sad situation,en,1,synthetic
Whole classroom sick this week. Teacher says viral infection going around,en,1,synthetic
"High fever for 5 days. Doctor suspects dengue, doing blood test",en,1,synthetic
Disease spreading fast in flood-affected areas of Sylhet,en,1,synthetic
Cannot breathe properly. Going to hospital for chest X-ray,en,1,synthetic
Outbreak warning from IEDCR: dengue cases up 40% this week,en,1,synthetic
Skin rash and fever. Dermatologist thinks it might be measles,en,1,synthetic
Three hospitals near me are at full capacity due to patient surge,en,1,synthetic
Diarrhea and vomiting spreading in our village. No clean water access,en,1,synthetic
"Feeling very sick. High fever, body ache, loss of appetite since Tuesday",en,1,synthetic
Beautiful sunset at Hatirjheel today. Dhaka can be lovely sometimes,en,0,synthetic
Just finished my finals exam. So relieved it is over,en,0,synthetic
Traffic jam on Mirpur road as usual. Took 2 hours to reach office,en,0,synthetic
New restaurant opened in Gulshan. The biriyani is amazing,en,0,synthetic
Bangladesh cricket team won the series. What a match last night,en,0,synthetic
Looking for a good plumber in Dhanmondi area. Any recommendations?,en,0,synthetic
Eid shopping at Bashundhara City today. Huge crowd but great deals,en,0,synthetic
"My cat had kittens last night. So adorable, anyone want one?",en,0,synthetic
Power cut for 4 hours in Uttara today. DESCO please fix this,en,0,synthetic
Just got promoted at work. Hard work finally paying off,en,0,synthetic
Studying for IELTS exam. Any tips for the writing section?,en,0,synthetic
New metro rail station opened today. Lines are incredible long though,en,0,synthetic
Cooking hilsha fish for dinner tonight. Classic Bangladeshi meal,en,0,synthetic
Wedding season is here. Three weddings to attend this weekend,en,0,synthetic
NSU campus looking beautiful with the new landscaping,en,0,synthetic
Internet speed so slow today. Grameenphone what is happening?,en,0,synthetic
Best time of year for mangoes. Market full of Langra and Fazli,en,0,synthetic
Finally finished reading Humayun Ahmed collected works. Brilliant author,en,0,synthetic
Rickshaw fare went up again in old Dhaka. Everything getting expensive,en,0,synthetic
Beautiful monsoon rain cooling down the city. Loved the weather today,en,0,synthetic
Just adopted a dog from the shelter. He is so friendly and happy,en,0,synthetic
Bangladesh vs India football match tonight. Praying for a win,en,0,synthetic
Padma bridge traffic is much better now. Great infrastructure,en,0,synthetic
Studying in library all day. Final project deadline is tomorrow,en,0,synthetic
The new Bashundhara mall extension is finally open. Impressive,en,0,synthetic
Morning walk at Ramna park with my kids. Perfect weather today,en,0,synthetic
My startup just got its first client. Dreams becoming reality,en,0,synthetic
DSE index up 2% today. Good day for investors,en,0,synthetic
Attending photography workshop this weekend. Very excited,en,0,synthetic
Gas price increase again. Monthly budget getting tighter,en,0,synthetic
University admission results out today. Congratulations to all,en,0,synthetic
Long weekend coming up. Planning trip to Cox's Bazar with family,en,0,synthetic
Local school won national science olympiad. Proud of the students,en,0,synthetic
Just finished setting up my home office. Productivity up already,en,0,synthetic
Street food in old Dhaka is unbeatable. Best bakarkhani in the city,en,0,synthetic
Temperature dropping finally. Winter is coming to Dhaka,en,0,synthetic
My brother got accepted to BUET. Family celebration tonight,en,0,synthetic
Yoga class in the morning makes such a difference to my day,en,0,synthetic
Public library in Shahbag has amazing new books collection,en,0,synthetic
Neighbor got a new car. Nice Toyota. Parking becoming a problem though,en,0,synthetic
Attended poetry recital at Bangladesh Shilpakala Academy. Beautiful event,en,0,synthetic
Grocery prices at Agora are more reasonable than Shwapno lately,en,0,synthetic
Internet shutdown during exam again. Students frustrated,en,0,synthetic
My grandmother makes the best pitha. Winter mornings at her house,en,0,synthetic
Went to see the new Bengali film. Acting was excellent,en,0,synthetic
Learning guitar during holidays. Progress is slow but fun,en,0,synthetic
Amazing fireworks display at the river last night,en,0,synthetic
Office iftar party tonight. Everyone excited during Ramadan,en,0,synthetic
Just finished my morning run. Feeling energetic today,en,0,synthetic
Book fair at Bangla Academy was packed. Bought 10 new books,en,0,synthetic
জ্বর তিনদিন ধরে কমছে না। হাসপাতালে যেতে হবে আজকেই,bn,1,synthetic
আমাদের এলাকায় ডেঙ্গু ছড়িয়ে পড়েছে। সাবধান থাকুন সবাই,bn,1,synthetic
পুরো পরিবার অসুস্থ। জ্বর এবং শরীর ব্যথা সবার,bn,1,synthetic
হাসপাতালের জরুরি বিভাগ রোগীতে ভর্তি। ফ্লু রোগী বেশি,bn,1,synthetic
মিরপুরে কি কেউ অসুস্থ হচ্ছেন? অফিসের অর্ধেক মানুষ জ্বরে পড়েছে,bn,1,synthetic
আমাদের বিল্ডিংয়ে ডেঙ্গু নিশ্চিত হয়েছে। প্লেটলেট দ্রুত কমছে,bn,1,synthetic
১০৪ ডিগ্রি জ্বর গতকাল থেকে। এখন অ্যাপোলোতে যাচ্ছি,bn,1,synthetic
উত্তরা সেক্টর ৭-এ একাধিক ডেঙ্গু রোগী শনাক্ত হয়েছে,bn,1,synthetic
ছেলের দুইদিন ধরে বমি এবং তীব্র জ্বর হচ্ছে,bn,1,synthetic
স্কুলে কাশি-সর্দি দ্রুত ছড়াচ্ছে। আজ ৩০ ছাত্র অনুপস্থিত,bn,1,synthetic
ডাক্তার ডেঙ্গু জ্বর নিশ্চিত করেছেন। মশা থেকে সতর্ক থাকুন,bn,1,synthetic
ঢাকার হাসপাতালগুলো এই সপ্তাহে ডেঙ্গু রোগীতে পরিপূর্ণ,bn,1,synthetic
তীব্র মাথাব্যথা এবং গিঁটে ব্যথা। ডেঙ্গুর লক্ষণ। ডাক্তারের কাছে যাচ্ছি,bn,1,synthetic
গুলশানে আবার কোভিড বাড়ছে। প্রতিবেশীরা সবাই অসুস্থ,bn,1,synthetic
মেয়ের ১০৩ জ্বর এবং ফুসকুড়ি। স্কয়ার হাসপাতালে ভর্তি করেছি,bn,1,synthetic
বনানী এলাকায় ভাইরাল জ্বর ছড়াচ্ছে। সতর্কতা নিন,bn,1,synthetic
গতকাল থেকে দুর্বল এবং বমি বমি ভাব। সম্ভবত ফুড পয়জনিং,bn,1,synthetic
পরিবারের তিনজন একসাথে ডেঙ্গুতে আক্রান্ত,bn,1,synthetic
বাড়ির কাছের ক্লিনিকে সকাল থেকে লম্বা লাইন। অনেক রোগী,bn,1,synthetic
গলাব্যথা এবং তীব্র তাপমাত্রা। ফ্লু পরীক্ষা পজিটিভ,bn,1,synthetic
ডেঙ্গু প্লেটলেট ৪০ হাজারে নামল। সিএমএইচে ভর্তি,bn,1,synthetic
আমাদের এলাকায় জ্বরের প্রকোপ। সরকারের মশার ওষুধ ছিটানো দরকার,bn,1,synthetic
সহকর্মী এক সপ্তাহ ধরে অসুস্থ। ডাক্তার টাইফয়েডের সন্দেহ করছেন,bn,1,synthetic
পুরান ঢাকায় চিকুনগুনিয়া ছড়াচ্ছে। অনেক পরিবার আক্রান্ত,bn,1,synthetic
সকাল থেকে শরীর ব্যথা ও জ্বর। প্যারাসিটামল খেয়েও কমছে না,bn,1,synthetic
স্বাস্থ্য সতর্কতা: বুড়িগঙ্গার কাছে কলেরার রোগী শনাক্ত,bn,1,synthetic
এই সপ্তাহে মেয়ের স্কুলে অর্ধেক বাচ্চা অসুস্থতায় অনুপস্থিত,bn,1,synthetic
শ্বাসতন্ত্রের সংক্রমণ দ্রুত ছড়াচ্ছে। আশেপাশে সবাই কাশছে,bn,1,synthetic
রক্ত পরীক্ষায় ডেঙ্গু NS1 পজিটিভ। চিকিৎসা শুরু করছি,bn,1,synthetic
এবার ফ্লু মৌসুম খুব খারাপ। আশেপাশে সবাই অসুস্থ হয়ে পড়ছে,bn,1,synthetic
তীব্র পানিশূন্যতা ও ডায়রিয়া নিয়ে হাসপাতালে ভর্তি,bn,1,synthetic
রামপুরায় ভাইরাল জ্বরের প্রাদুর্ভাব। কমপক্ষে ২০টি কেস রিপোর্ট,bn,1,synthetic
প্লেটলেট ৩০ হাজারে নেমেছে। ডাক্তাররা চিন্তিত,bn,1,synthetic
গত রাত থেকে জ্বর-কাঁপুনি। আজ অফিস যেতে পারব না,bn,1,synthetic
আশুলিয়ার পোশাক কারখানায় গণ-অসুস্থতা। শ্রমিকরা হাসপাতালে,bn,1,synthetic
ডেঙ্গু মৌসুমে সবচেয়ে খারাপ অবস্থা। বাড়ির আশেপাশে জমা পানি সরান,bn,1,synthetic
আবার কোভিড পজিটিভ। তীব্র জ্বর নিয়ে আইসোলেশনে,bn,1,synthetic
একাধিক প্রতিবেশী অজানা জ্বর নিয়ে হাসপাতালে। কর্তৃপক্ষকে জানানো হয়েছে,bn,1,synthetic
রাতভর তীব্র পেটব্যথা ও বমি। এখন জরুরি বিভাগে যাচ্ছি,bn,1,synthetic
যাত্রাবাড়ির কাছে টাইফয়েড জ্বরের প্রকোপ। পানির উৎস সন্দেহজনক,bn,1,synthetic
চাচা ডেঙ্গু জটিলতায় মারা গেছেন। খুব কষ্টের পরিস্থিতি,bn,1,synthetic
এই সপ্তাহে পুরো ক্লাস অসুস্থ। শিক্ষক বললেন ভাইরাল ইনফেকশন,bn,1,synthetic
পাঁচদিন ধরে তীব্র জ্বর। ডাক্তার ডেঙ্গু সন্দেহে রক্ত পরীক্ষা করাচ্ছেন,bn,1,synthetic
বন্যায় আক্রান্ত সিলেটের এলাকায় রোগ দ্রুত ছড়াচ্ছে,bn,1,synthetic
ঠিকমতো শ্বাস নিতে পারছি না। বুকের এক্সরে করাতে হাসপাতালে যাচ্ছি,bn,1,synthetic
আইইডিসিআর সতর্কতা: এই সপ্তাহে ডেঙ্গু রোগী ৪০% বেড়েছে,bn,1,synthetic
গায়ে ফুসকুড়ি এবং জ্বর। ডার্মাটোলজিস্ট হামের সন্দেহ করছেন,bn,1,synthetic
কাছের তিনটি হাসপাতাল রোগীতে পূর্ণ। ভর্তি নিচ্ছে না,bn,1,synthetic
গ্রামে ডায়রিয়া-বমি ছড়াচ্ছে। পরিষ্কার পানির ব্যবস্থা নেই,bn,1,synthetic
"অনেক অসুস্থ। তীব্র জ্বর, শরীর ব্যথা, মঙ্গলবার থেকে খাওয়ার রুচি নেই",bn,1,synthetic
আজকে হাতিরঝিলে অসাধারণ সূর্যাস্ত দেখলাম। ঢাকা মাঝে মাঝে সুন্দর হয়,bn,0,synthetic
ফাইনাল পরীক্ষা শেষ হলো। কী স্বস্তি লাগছে এখন,bn,0,synthetic
মিরপুর রোডে যথারীতি যানজট। অফিস পৌঁছাতে দুই ঘণ্টা লাগল,bn,0,synthetic
গুলশানে নতুন রেস্তোরাঁ খুলেছে। বিরিয়ানি অসাধারণ হয়েছে,bn,0,synthetic
বাংলাদেশ ক্রিকেট দল সিরিজ জিতেছে। গত রাতের ম্যাচ দারুণ ছিল,bn,0,synthetic
ধানমন্ডিতে ভালো প্লাম্বার খুঁজছি। কেউ সাজেস্ট করতে পারবেন?,bn,0,synthetic
বসুন্ধরা সিটিতে ঈদের কেনাকাটা। ভিড় বেশি কিন্তু দারুণ অফার,bn,0,synthetic
আমার বিড়ালের বাচ্চা হয়েছে রাতে। খুব সুন্দর। কেউ নিতে চান?,bn,0,synthetic
উত্তরায় চার ঘণ্টা লোডশেডিং। ডেসকো এটা ঠিক করুন,bn,0,synthetic
অফিসে পদোন্নতি হলো। পরিশ্রম অবশেষে ফল দিচ্ছে,bn,0,synthetic
আইইএলটিএস পরীক্ষার প্রস্তুতি নিচ্ছি। রাইটিং সেকশনে টিপস আছে কারো?,bn,0,synthetic
নতুন মেট্রোরেল স্টেশন উদ্বোধন হলো। লাইন অবিশ্বাস্য লম্বা অবশ্য,bn,0,synthetic
আজ রাতে ইলিশ মাছ রান্না করছি। বাংলাদেশের ঐতিহ্যবাহী খাবার,bn,0,synthetic
বিয়ের মৌসুম চলছে। এই সপ্তাহান্তে তিনটি বিয়েতে যাচ্ছি,bn,0,synthetic
নতুন ল্যান্ডস্কেপিংয়ে এনএসইউ ক্যাম্পাস দারুণ দেখাচ্ছে,bn,0,synthetic
আজ ইন্টারনেটের গতি অনেক কম। গ্রামীণফোন কী হচ্ছে?,bn,0,synthetic
আমের মৌসুমের সেরা সময় এখন। বাজারে লাংড়া ও ফজলি ভরপুর,bn,0,synthetic
হুমায়ূন আহমেদের সমগ্র পড়া শেষ। অসাধারণ লেখক তিনি,bn,0,synthetic
পুরান ঢাকায় রিকশা ভাড়া আবার বাড়ল। সব কিছু দামি হয়ে যাচ্ছে,bn,0,synthetic
বৃষ্টি শহর ঠান্ডা করে দিয়েছে। আজকের আবহাওয়া অসাধারণ,bn,0,synthetic
আশ্রয়কেন্দ্র থেকে কুকুর দত্তক নিলাম। খুব বন্ধুত্বপূর্ণ,bn,0,synthetic
আজ রাতে বাংলাদেশ বনাম ভারত ফুটবল। জয়ের জন্য প্রার্থনা করছি,bn,0,synthetic
পদ্মা সেতুতে এখন যানজট অনেক কম। ভালো অবকাঠামো,bn,0,synthetic
সারাদিন লাইব্রেরিতে পড়াশোনা। কাল ফাইনাল প্রজেক্টের ডেডলাইন,bn,0,synthetic
বসুন্ধরা মলের নতুন এক্সটেনশন খুলে গেছে। চমৎকার,bn,0,synthetic
বাচ্চাদের নিয়ে রমনা পার্কে সকালে হাঁটলাম। আবহাওয়া দারুণ,bn,0,synthetic
আমার স্টার্টআপ প্রথম ক্লায়েন্ট পেল। স্বপ্ন সত্যি হচ্ছে,bn,0,synthetic
আজ ডিএসই সূচক ২% বেড়েছে। বিনিয়োগকারীদের জন্য ভালো দিন,bn,0,synthetic
এই সপ্তাহান্তে ফটোগ্রাফি ওয়ার্কশপে যাচ্ছি। অনেক আগ্রহী,bn,0,synthetic
আবার গ্যাসের দাম বাড়ল। মাসিক বাজেট টানাটানি হয়ে যাচ্ছে,bn,0,synthetic
বিশ্ববিদ্যালয় ভর্তির ফলাফল প্রকাশ হয়েছে। সবাইকে অভিনন্দন,bn,0,synthetic
লম্বা সপ্তাহান্ত আসছে। পরিবার নিয়ে কক্সবাজার যাওয়ার পরিকল্পনা,bn,0,synthetic
স্থানীয় স্কুল জাতীয় বিজ্ঞান অলিম্পিয়াড জিতেছে। শিক্ষার্থীদের নিয়ে গর্বিত,bn,0,synthetic
হোম অফিস সেটআপ শেষ করলাম। উৎপাদনশীলতা বাড়ছে ইতিমধ্যে,bn,0,synthetic
পুরান ঢাকার স্ট্রিট ফুড অতুলনীয়। সেরা বাকরখানি এখানেই পাওয়া যায়,bn,0,synthetic
তাপমাত্রা অবশেষে কমছে। ঢাকায় শীত আসছে,bn,0,synthetic
ভাই বুয়েটে ভর্তি হলো। পরিবারে উৎসব আজ রাতে,bn,0,synthetic
সকালে যোগব্যায়াম করলে দিনটা অনেক ভালো যায়,bn,0,synthetic
শাহবাগ পাবলিক লাইব্রেরিতে দারুণ নতুন বইয়ের সংগ্রহ এসেছে,bn,0,synthetic
প্রতিবেশী নতুন গাড়ি কিনেছে। টয়োটা। পার্কিং সমস্যা বাড়ছে অবশ্য,bn,0,synthetic
বাংলাদেশ শিল্পকলা একাডেমিতে কবিতার আসরে গেলাম। অনুষ্ঠান অসাধারণ,bn,0,synthetic
আগোরার চেয়ে স্বপ্নের দাম কিছুটা কম এখন,bn,0,synthetic
পরীক্ষার সময় আবার ইন্টারনেট বন্ধ। শিক্ষার্থীরা বিরক্ত,bn,0,synthetic
দাদি সেরা পিঠা বানান। শীতের সকালে তার বাড়িতে যাওয়া অসাধারণ,bn,0,synthetic
নতুন বাংলা সিনেমা দেখতে গেলাম। অভিনয় চমৎকার ছিল,bn,0,synthetic
ছুটিতে গিটার শিখছি। ধীরে ধীরে এগোচ্ছি কিন্তু মজা পাচ্ছি,bn,0,synthetic
গত রাতে নদীতে আতশবাজি দেখলাম। অসাধারণ দৃশ্য,bn,0,synthetic
রমজান মাসে অফিস ইফতার পার্টি আজ। সবাই খুব উত্সাহিত,bn,0,synthetic
সকালে দৌড়ে এলাম। আজকে অনেক এনার্জেটিক লাগছে,bn,0,synthetic
বাংলা একাডেমির বইমেলায় ভিড় অনেক। দশটি নতুন বই কিনলাম,bn,0,synthetic
3 din dhore jor komchhe na. Hospital jete hobe,banglish,1,synthetic
Amar basha r kachhe dengue case bere geche. Shobai shabodhane thako,banglish,1,synthetic
Poribarer shobar jor. Sharir betha ache shobkichu te,banglish,1,synthetic
Hospital er emergency te rogi vore geche. Flu rogi beshi,banglish,1,synthetic
Mirpure ki keu oshustha hochhe? Amader office er adhekar lok jore poreche,banglish,1,synthetic
Amader building e dengue nishchit. Platelet duto komochu,banglish,1,synthetic
104 jor kal theke. Apollo hospital jachhi ekhon,banglish,1,synthetic
Uttara sector 7 e multiple dengue case paoa geche,banglish,1,synthetic
Cheler duidin dhore bomi ache ar thibro jor,banglish,1,synthetic
School e kashi chhardi dhrut chharachhe. Aaj 30 jon absent,banglish,1,synthetic
Doctor dengue jor nishchit korecho. Mosha theke shobodhane thakun,banglish,1,synthetic
Dhakar hospital gulo eii shoptahe dengue rogi te vora,banglish,1,synthetic
Thibro mathabetha ar gite betha. Dengue er lakkhon. Doctor er kache jachhi,banglish,1,synthetic
Gulshane COVID abar barchhe. Protibesshira shokai oshustha,banglish,1,synthetic
Meye r 103 jor ar rash. Square hospital e vorthi korechhi,banglish,1,synthetic
Banani elakaite viral jor chharachhe. Shoporkosh nin,banglish,1,synthetic
Kal theke durbolo ar bomi bomi lagchhe. Food poisoning hote pare,banglish,1,synthetic
Poribarer tinjon ek shathe dengue te akranto,banglish,1,synthetic
Bari r kache clinic e shokal theke lamba line. Onek rogi,banglish,1,synthetic
Gola betha ar thibro temperature. Flu test positive,banglish,1,synthetic
Dengue platelet 40 hazare namlo. CMH te vorthi,banglish,1,synthetic
Amader elakate jor er prachur. Shorkarer mosha r oshudh chhhitano dorkar,banglish,1,synthetic
Shohokormee ek shoptah dhore oshustha. Doctor typhoid er shondeh korchen,banglish,1,synthetic
Puram Dhakai chikungunya chharachhe. Onek poribhar akranto,banglish,1,synthetic
Shokal theke sharir betha o jor. Paracetamol kheyewo komchhe na,banglish,1,synthetic
Shasthyo shotokorta: Buriganga r kache cholera rogi shaknot,banglish,1,synthetic
Ei shoptahe meye r school e adhekar bachcha oshushtatai absent,banglish,1,synthetic
Shwashontro r shongkromon dhrut chharachhe. Ashepashe shobaai kashchhe,banglish,1,synthetic
Rokto porikkhay dengue NS1 positive. Chikitsha shuru korchi,banglish,1,synthetic
Ebaar flu mousum khub kharap. Ashepashe shobaai oshustha hochhe,banglish,1,synthetic
Thibro panishhunyota o diarrhea niye hospital e vorthi,banglish,1,synthetic
Rampura te viral jor er prachadurbhab. Komopokkhhe 20 ta case,banglish,1,synthetic
Platelet 30 hazare nemeche. Doctor ra chintito,banglish,1,synthetic
Kal rat theke jor-kapuni. Aaj office jete parbo na,banglish,1,synthetic
Ashulia r poshak karkhana te gono-oshushthota. Shromikhira hospital e,banglish,1,synthetic
Dengue mousum e shobcheye kharap obostha. Barir ashepashe joma pani shorao,banglish,1,synthetic
Abaar COVID positive. Thibro jor niye isolation e,banglish,1,synthetic
Onek protibesshi ojanaa jor niye hospital e. Kortripokhhoke janano hoiyeche,banglish,1,synthetic
Raat vhor thibro petbetha o bomi. Ekhon emergency te jachhi,banglish,1,synthetic
Jatrabari r kache typhoid er prokoap. Pani r utshpo shondeho janok,banglish,1,synthetic
Chacha dengue jotilotai mare gechen. Khub koshter porissthiti,banglish,1,synthetic
Ei shoptahe puro class oshustha. Shikkhok bollein viral infection,banglish,1,synthetic
Panch din dhore thibro jor. Doctor dengue shondhehe rokto poriksha korachen,banglish,1,synthetic
Bornai akranto Sylheter elakate rog dhrut chharachhe,banglish,1,synthetic
Thik moto shwas nite parchi na. Buke xray koratie hospital e jachhi,banglish,1,synthetic
IEDCR shotokorta: ei shoptahe dengue rogi 40% bereche,banglish,1,synthetic
Gaiye fushkuri o jor. Dermatologist hamer shondeh korchen,banglish,1,synthetic
Kachher tinti hospital rogite porno. Vorthi nechhe na,banglish,1,synthetic
Gramer diarrhea-bomi chharachhe. Porishkar pani r byabostha nei,banglish,1,synthetic
"Onek oshustha. Thibro jor, sharir betha, Mongolbar theke khabar ruchi nei",banglish,1,synthetic
Aaj Hatirjheel e oporup shurjasto dekhhlam. Dhaka maje maje shundor hoy,banglish,0,synthetic
Final exam shesh holo. Ki shoanti lagchhe ekhon,banglish,0,synthetic
Mirpur road e jothoriti janjot. Office phouchate dui ghonta laglo,banglish,0,synthetic
Gulshanee notun restaurant khulechhe. Biryani oshadharon hoyeche,banglish,0,synthetic
Bangladesh cricket team series jitechhe. Kal rater match darun chilo,banglish,0,synthetic
Dhanmondi te valo plumber khujchi. Keu shagest korte parben?,banglish,0,synthetic
Bashundhara City te Eid er kenokata. Vhid beshi kintu darun offer,banglish,0,synthetic
Amar birhaler bachcha hoyechhe rat e. Khub shundor. Keu nite chan?,banglish,0,synthetic
Uttara te char ghonta loadshedding. DESCO eta thik korun,banglish,0,synthetic
Office e padonnoti holo. Porishrom shesheh fol dichhe,banglish,0,synthetic
IELTS porikhhhar prostuti nichi. Writing section e tipsh ache kieno?,banglish,0,synthetic
Notun metro rail station udbodhon holo. Line obbishwashyo lamba obosho,banglish,0,synthetic
Aaj raat e ilish mach ranna korchi. Bangladesher oitihibahik khabar,banglish,0,synthetic
Biye r mousum cholchhe. Ei shoptahante tinti biye te jachhi,banglish,0,synthetic
Notun landscaping e NSU campus darun dekhachhe,banglish,0,synthetic
Aaj internet er goti onek kom. Grameenphone ki hochhe?,banglish,0,synthetic
Aam r mousum er shera somoy ekhon. Bajare langra o fazli vorpur,banglish,0,synthetic
Humayun Ahmed er shomogro pora shesh. Oshadharon lekhok tini,banglish,0,synthetic
Puram Dhaka te rikshaw vhara abar baarlo. Shobkichu dami hoye jachhe,banglish,0,synthetic
Borsha shohor thanda kore diyeche. Ajker abohaoa oshadharon,banglish,0,synthetic
Ashroyokendro theke kukur dottok nilam. Khub bondhupurnoo,banglish,0,synthetic
Aaj raat e Bangladesh vs India football. Joyer jonno protthortha korchi,banglish,0,synthetic
Padma setu te ekhon janjot onek kom. Valo obokaathhamo,banglish,0,synthetic
Shara din library te porashhona. Kal final project er deadline,banglish,0,synthetic
Bashundhara moll er notun extension khule gechhe. Chomokhkhaar,banglish,0,synthetic
Bachhhader niye Ramna park e shokaale hantlam. Abohaoa darun,banglish,0,synthetic
Amar startup prothom client pello. Shopno shotti hochhe,banglish,0,synthetic
Aaj DSE suchok 2% bereche. Biniyogkari der jonno valo din,banglish,0,synthetic
Ei shoptahante photography workshop e jachhi. Onek aggrohi,banglish,0,synthetic
Abar gaser dam barlo. Mashik bajot tanatatani hoye jachhe,banglish,0,synthetic
Bishwobidyaloy vortir follafol prochashit hoyeche. Shobai ke obhinondon,banglish,0,synthetic
Lomba shoptahante ashchhe. Poribar niye Cox's Bazar jawar porikollona,banglish,0,synthetic
Sthaanio school jatiyo bijnan olympiad jiteche. Shikkharthider niye gorbito,banglish,0,synthetic
Home office setup shesh korlam. Utpadanshilota barchhe itmimdhye,banglish,0,synthetic
Puram Dhaka r street food otuloniyo. Shera bakarkhani ekhane paoa jai,banglish,0,synthetic
Temperature sheshesh komchhe. Dhaka te shit ashchhe,banglish,0,synthetic
Vai BUET e vorthi holo. Porivare utshob aaj raat e,banglish,0,synthetic
Shokaale yoga korle din ta onek valo jai,banglish,0,synthetic
Shahbag public library te darun notun boier shongroho esheche,banglish,0,synthetic
Protibesshi notun gaari kinechhe. Toyota. Parking shomoshsha barchhe obosho,banglish,0,synthetic
Bangladesh Shilpokola Academy te kobitar asore gelam. Onushthan oshadharon,banglish,0,synthetic
Agora r cheye Shwapno r dam kichu ta kom ekhon,banglish,0,synthetic
Porikkhar shomoy abar internet bondho. Shikkhartthira birokto,banglish,0,synthetic
Dadi shera pitha banen. Sheeter shokaale tar bari te jaoa oshadharon,banglish,0,synthetic
Notun Bangla cinema dekhte gelam. Obhinoi chomokhhar chilo,banglish,0,synthetic
Chutite guitar shikhchi. Dhire dhire egochhi kintu moja pachhi,banglish,0,synthetic
Kal raat e nodi te atoushbazi dekhhlam. Oshadharon drisho,banglish,0,synthetic
Ramadan e office iftar party aaj. Shobaai khub utsahit,banglish,0,synthetic
Shokaale dourhe elam. Ajke onek energetic lagchhe,banglish,0,synthetic
Bangla Academy r boi mela te vhid onek. Doshti notun boi kinlam,banglish,0,synthetic
"[Will Scaloni rest Messi, unleash fringe players against Jordan?](https://www.thedailystar.net/sports/football/news/will-scaloni-rest-messi-unleash-fringe-players-against-jordan-4209091)",mixed,0,Telegram
[Police recover doctor’s decomposing body from Shahbagh apartment](https://www.thedailystar.net/news/crime-justice/news/police-recover-doctors-decomposing-body-shahbagh-apartment-4209096),mixed,0,Telegram
"[‘Bangladesh will play in the World Cup one day,’ Argentina ambassador hopes](https://www.thedailystar.net/news/bangladesh/news/bangladesh-will-play-the-world-cup-one-day-argentina-ambassador-hopes-4209101)",mixed,0,Telegram
[7-year-old girl electrocuted by alleged illegal power line in Mymensingh](https://www.thedailystar.net/news/bangladesh/news/7-year-old-girl-electrocuted-alleged-illegal-power-line-mymensingh-4209066),mixed,0,Telegram
"[Deaths from measles, symptoms cross 700-mark as 4 more die in 24 hours](https://www.thedailystar.net/health/disease/news/deaths-measles-symptoms-cross-700-mark-4-more-die-24-hours-4208991)",mixed,1,Telegram
[Venezuelans search for survivors after quakes kill at least 235](https://www.thedailystar.net/news/environment/climate-crisis/natural-disaster/news/venezuelans-search-survivors-after-quakes-kill-least-235-4208806),mixed,0,Telegram
"[The fault in ‘Brazilliance’, and CR7’s evolving character arc](https://www.thedailystar.net/sports/sports-special/fifa-world-cup-2026/news/the-fault-brazilliance-and-cr7s-evolving-character-arc-4208641)",mixed,0,Telegram
[Venezuelans trapped alive after twin quakes kill at least 188](https://www.thedailystar.net/news/world/news/venezuelans-trapped-alive-after-twin-quakes-kill-least-188-4208646),mixed,0,Telegram
[Class 6 student shot outside school in clash between rival groups in Cumilla](https://www.thedailystar.net/news/crime-justice/news/class-6-student-shot-outside-school-clash-between-rival-groups-cumilla-4208401),mixed,0,Telegram
[9 more children die with measles-like symptoms](https://www.thedailystar.net/health/news/9-more-children-die-measles-symptoms-4208386),mixed,1,Telegram
[Death toll from Venezuela twin quakes rises to 164](https://www.thedailystar.net/news/world/news/death-toll-venezuela-twin-quakes-rises-164-4208301),mixed,0,Telegram
"[BMU cancels Prof ABM Abdullah’s emeritus appointment, seeks salary refund](https://www.thedailystar.net/news/healthcare/news/bmu-cancels-prof-abm-abdullahs-emeritus-appointment-seeks-salary-refund-4208321)",mixed,0,Telegram
[Cargo villages should be built outside airports: commerce minister](https://www.thedailystar.net/business/news/cargo-villages-should-be-built-outside-airports-commerce-minister-4208346),mixed,0,Telegram
"[Prove even one taka of corruption, I’ll resign: Hasnat Abdullah](https://www.thedailystar.net/news/the-parliament-watch/parliament/news/prove-even-one-taka-corruption-ill-resign-hasnat-abdullah-4208286)",mixed,0,Telegram
[Some who once rode rickshaws now travel in Prados after ‘selling the July spirit’: BNP MP Akhtaruzzaman](https://www.thedailystar.net/news/the-parliament-watch/parliament/news/some-who-once-rode-rickshaws-now-travel-prados-after-selling-the-july-spirit-bnp-mp-akhtaruzzaman-4208141),mixed,0,Telegram
"[1 more dead as dengue cases cross 5,500](https://www.thedailystar.net/health/disease/news/1-more-dead-dengue-cases-cross-5500-4208086)",mixed,1,Telegram
"[21,988 illegal river occupiers identified nationwide: Shipping minister](https://www.thedailystar.net/news/the-parliament-watch/parliament/news/21988-illegal-river-occupiers-identified-nationwide-shipping-minister-4208116)",mixed,0,Telegram
"[DU student, mother and sister killed in Lakshmipur; suspect beaten to death by mob](https://www.thedailystar.net/news/crime-justice/news/du-student-mother-and-sister-killed-lakshmipur-suspect-beaten-death-mob-4208061)",mixed,0,Telegram
[National taskforce launches anti-dengue drive in Dhaka](https://www.thedailystar.net/news/governance/news/national-taskforce-launches-anti-dengue-drive-dhaka-4208001),mixed,1,Telegram
[Temperatures set to surpass 35C on Thursday for over 100 million in Europe: AFP analysis](https://www.thedailystar.net/news/world/news/temperatures-set-surpass-35c-thursday-over-100-million-europe-afp-analysis-4208026),mixed,0,Telegram
[Hundreds of diagnostic machines non-functional at upazila health complexes: Health minister](https://www.thedailystar.net/news/healthcare/news/hundreds-diagnostic-machines-non-functional-upazila-health-complexes-health-minister-4208031),mixed,1,Telegram
[The final call is still human](https://www.thedailystar.net/sports/sports-special/fifa-world-cup-2026/news/the-final-call-still-human-4207866),mixed,0,Telegram
[PM seeks Chinese support for China-Bangladesh Friendship Hospital](https://www.thedailystar.net/news/bangladesh/diplomacy/news/pm-seeks-chinese-support-china-bangladesh-friendship-hospital-4207906),mixed,0,Telegram
"['Hey Jude', England will be fine](https://www.thedailystar.net/sports/sports-special/fifa-world-cup-2026/news/hey-jude-england-will-be-fine-4207786)",mixed,0,Telegram
"[Rail link with Ctg snapped after engine failure, derailment in Cumilla](https://www.thedailystar.net/news/accidents-fires/news/rail-link-ctg-snapped-after-engine-failure-derailment-cumilla-4207471)",mixed,0,Telegram
"[Banks got Tk 76,000 crore in liquidity support till June 6](https://www.thedailystar.net/business/news/banks-got-tk-76000-crore-liquidity-support-till-june-6-4207416)",mixed,0,Telegram
[2 UPDF activists killed in separate Khagrachhari incidents](https://www.thedailystar.net/news/crime-justice/news/2-updf-activists-killed-separate-khagrachhari-incidents-4207341),mixed,0,Telegram
[Netrokona man sentenced to death for killing wife over dowry](https://www.thedailystar.net/news/crime-justice/news/netrokona-man-sentenced-death-killing-wife-over-dowry-4207306),mixed,0,Telegram
[Two more die of dengue](https://www.thedailystar.net/health/disease/news/two-more-die-dengue-4207256),mixed,1,Telegram
[Family says Tangail youth killed while fighting for Russia](https://www.thedailystar.net/news/bangladesh/news/family-says-tangail-youth-killed-while-fighting-russia-4207266),mixed,0,Telegram
[Bangladesh’s external debt now $78.22 billion: Amir Khosru](https://www.thedailystar.net/news/the-parliament-watch/parliament/news/bangladeshs-external-debt-now-7822-billion-amir-khosru-4207226),mixed,0,Telegram
[Neymar 'can play from halftime or the whole 90 minutes': Ancelotti](https://www.thedailystar.net/sports/sports-special/fifa-world-cup-2026/news/neymar-can-play-halftime-or-the-whole-90-minutes-ancelotti-4207136),mixed,0,Telegram
[Two-year-old drowns in rainwater-filled pit in Gazipur](https://www.thedailystar.net/news/accidents-fires/news/two-year-old-drowns-rainwater-filled-pit-gazipur-4207001),mixed,0,Telegram
[Two killed in pickup-bike collision in Noakhali](https://www.thedailystar.net/news/accidents-fires/news/two-killed-pickup-bike-collision-noakhali-4206591),mixed,0,Telegram
"[Bill placed in parliament to curb gambling, online betting](https://www.thedailystar.net/news/the-parliament-watch/parliament/news/bill-placed-parliament-curb-gambling-online-betting-4206451)",mixed,0,Telegram
[Sri Lanka bans junk food in schools due to health concerns](https://www.thedailystar.net/news/world/news/sri-lanka-bans-junk-food-schools-due-health-concerns-4206401),mixed,0,Telegram
[Nationwide Vitamin A Plus campaign set for June 28](https://www.thedailystar.net/news/healthcare/news/nationwide-vitamin-plus-campaign-set-june-28-4206321),mixed,1,Telegram
"[Bridge collapse in Bhola kills truck driver, injures helper](https://www.thedailystar.net/news/accidents-fires/news/bridge-collapse-bhola-kills-truck-driver-injures-helper-4206346)",mixed,0,Telegram
[16-member task force formed to review maternal and child health situation](https://www.thedailystar.net/news/healthcare/news/16-member-task-force-formed-review-maternal-and-child-health-situation-4206241),mixed,1,Telegram
"[‘If Hasina returns, those who turned FB profiles red will see their lives turn black’](https://www.thedailystar.net/news/the-parliament-watch/parliament/news/if-hasina-returns-those-who-turned-fb-profiles-red-will-see-their-lives-turn-black-4206266)",mixed,0,Telegram
[Mir Shahe Alam to supervise special dengue prevention task force](https://www.thedailystar.net/health/disease/news/mir-shahe-alam-supervise-special-dengue-prevention-task-force-4206221),mixed,1,Telegram
[How schoolteacher turned a hillside in Moulvibazar into a fruit paradise](https://www.thedailystar.net/business/agriculture/news/how-schoolteacher-turned-hillside-moulvibazar-fruit-paradise-4206086),mixed,0,Telegram
"[US waives Iran sanctions, Trump says he will 'do what I have to' if Tehran misbehaves](https://www.thedailystar.net/news/world/news/us-waives-iran-sanctions-trump-says-he-will-do-what-i-have-if-tehran-misbehaves-4206091)",mixed,0,Telegram
[IUB student killed in motorcycle crash on way to watch football match in Old Dhaka](https://www.thedailystar.net/news/accidents-fires/news/iub-student-killed-motorcycle-crash-way-watch-football-match-old-dhaka-4205986),mixed,0,Telegram
[Iran chief negotiator says Hormuz will be administered by Tehran: state media](https://www.thedailystar.net/news/world/news/iran-chief-negotiator-says-hormuz-will-be-administered-tehran-state-media-4205951),mixed,0,Telegram
[Messi still Argentina's centre of gravity two decades on](https://www.thedailystar.net/sports/sports-special/fifa-world-cup-2026/news/messi-still-argentinas-centre-gravity-two-decades-4205816),mixed,0,Telegram
"[13 rights groups urge revision of proposed NHRC Bill, 2026](https://www.thedailystar.net/news/bangladesh/rights/news/13-rights-groups-urge-revision-proposed-nhrc-bill-2026-4205531)",mixed,0,Telegram
[Myanmar army killed over 700 civilians in six months: UN](https://www.thedailystar.net/news/world/news/myanmar-army-killed-over-700-civilians-six-months-un-4205321),mixed,0,Telegram
"[Fire at training centre in India's Lucknow kills at least eight, police say](https://www.thedailystar.net/news/accidents-fires/news/fire-training-centre-indias-lucknow-kills-least-eight-police-say-4205341)",mixed,0,Telegram
[Dengue claims another life; 139 hospitalised in 24 hours](https://www.thedailystar.net/health/disease/news/dengue-claims-another-life-139-hospitalised-24-hours-4205266),mixed,1,Telegram
[From hill fruit to cash crop: Lotkon boom transforms fortunes of Rangpur farmers](https://www.thedailystar.net/news/bangladesh/news/hill-fruit-cash-crop-lotkon-boom-transforms-fortunes-rangpur-farmers-4205191),mixed,0,Telegram
[Who is planting the landmines close to the border?](https://www.thedailystar.net/news/cross-border/news/who-planting-the-landmines-close-the-border-4205186),mixed,0,Telegram
[Starmer announces resignation as UK prime minister](https://www.thedailystar.net/news/world/news/uk-pm-starmer-says-he-will-resign-4205116),mixed,0,Telegram
[Child drowns in drain in Cumilla during heavy rain](https://www.thedailystar.net/news/accidents-fires/news/child-drowns-drain-cumilla-during-heavy-rain-4205121),mixed,0,Telegram
[Serena Williams given Wimbledon singles wildcard](https://www.thedailystar.net/sports/womens-sports/news/serena-williams-given-wimbledon-singles-wildcard-4204891),mixed,0,Telegram
[State power will not be used for revenge: PM Tarique](https://www.thedailystar.net/news/news/state-power-will-not-be-used-revenge-pm-tarique-4204586),mixed,0,Telegram
"[3 students, 3 farmers killed by lightning strikes in Narsingdi and Savar](https://www.thedailystar.net/news/accidents-fires/news/3-students-3-farmers-killed-lightning-strikes-narsingdi-and-savar-4204561)",mixed,0,Telegram
[5 Bangladeshis killed in Qatar road crash](https://www.thedailystar.net/news/accidents-fires/news/5-bangladeshis-killed-qatar-road-crash-4204456),mixed,0,Telegram
"[2 more die of dengue, 220 hospitalised in 24 hours](https://www.thedailystar.net/health/disease/news/2-more-die-dengue-220-hospitalised-24-hours-4204466)",mixed,1,Telegram
"[Cumilla court grants 2-day remand for ex-Shibir leader Jisan in rape, forced abortion case](https://www.thedailystar.net/news/crime-justice/news/cumilla-court-grants-2-day-remand-ex-shibir-leader-jisan-rape-forced-abortion-case-4204371)",mixed,0,Telegram
"[Govt plans to fill 2,879 public service vacancies within 6 months: State minister](https://www.thedailystar.net/news/news/govt-plans-fill-2879-public-service-vacancies-within-6-months-state-minister-4204396)",mixed,0,Telegram
"[3 more children die with suspected measles, toll reaches 680](https://www.thedailystar.net/health/disease/news/3-more-children-die-suspected-measles-toll-reaches-680-4204401)",mixed,1,Telegram
[Rangpur child was raped before being killed: Police say citing initial findings](https://www.thedailystar.net/news/crime-justice/news/rangpur-child-was-raped-being-killed-police-say-citing-initial-findings-4204321),mixed,0,Telegram
[‘We’ll kill you’: Viral video captures threat to police from Gazipur Jubo League rally](https://www.thedailystar.net/news/politics/news/well-kill-you-viral-video-captures-threat-police-gazipur-jubo-league-rally-4204341),mixed,0,Telegram
[Interim govt's negligence behind measles vaccine shortage; no probe needed: PM’s aide](https://www.thedailystar.net/news/healthcare/news/interim-govts-negligence-behind-measles-vaccine-shortage-no-probe-needed-pms-aide-4204281),mixed,1,Telegram
"[Driver, helper killed as truck overturns, catches fire in Kushtia](https://www.thedailystar.net/news/accidents-fires/news/driver-helper-killed-truck-overturns-catches-fire-kushtia-4204236)",mixed,0,Telegram
[Toddler’s body found in bucket; police say 14-year-old confesses killing over ‘jealousy’](https://www.thedailystar.net/news/crime-justice/news/toddlers-body-found-bucket-police-say-14-year-old-confesses-killing-over-jealousy-4204146),mixed,0,Telegram
"[A year after warnings, Teesta erosion returns to threaten bridges and villages](https://www.thedailystar.net/news/bangladesh/news/year-after-warnings-teesta-erosion-returns-threaten-bridges-and-villages-4204126)",mixed,0,Telegram
"[Report says UK PM Starmer ready to quit, but source says he is still focused on the job](https://www.thedailystar.net/news/world/news/report-says-uk-pm-starmer-ready-quit-source-says-he-still-focused-the-job-4204136)",mixed,0,Telegram
[Al Jazeera says Israeli strike kills journalist in Gaza](https://www.thedailystar.net/news/world/middle-east/news/al-jazeera-says-israeli-strike-kills-journalist-gaza-4204081),mixed,0,Telegram
[When will Raphinha be fit again for Brazil?](https://www.thedailystar.net/sports/sports-special/fifa-world-cup-2026/news/when-will-raphinha-be-fit-again-brazil-4204061),mixed,0,Telegram
[The illusion of dominance](https://www.thedailystar.net/sports/sports-special/fifa-world-cup-2026/news/the-illusion-dominance-4203796),mixed,0,Telegram
"সারা দেশে গত ২৪ ঘণ্টায় ডেঙ্গুতে আক্রান্ত হয়ে ১ জনের মৃ'ত্যু হয়েছে। একই সময়ে ১৯৮ জন ডেঙ্গুতে...

বিস্তারিত: https://www.somoynews.tv/news/2026-06-25/OQIy8MQt",mixed,0,Telegram
"একবিংশ শতাব্দীকে প্রযুক্তি ও তথ্যপ্রবাহের যুগ বলা হয়। মানুষের জীবন আজ আগের যেকোনো সময়ের তুলনায় বেশি স্বাচ্ছন্দ্যময়। যোগাযোগ সহজ হয়েছে, চিকিৎসাব্যবস্থা উন্নত হয়েছে, জীবনযাত্রার মান বেড়েছে। কিন্তু বিস্ময়কর হলেও সত্য...


বিস্তারিত: https://www.somoynews.tv/news/2026-06-25/Q7X51EvJ",mixed,0,Telegram
"ফিফা বিশ্বকাপ-২০২৬ চলাকালে নিরাপত্তার স্বার্থে ঢাকা বিশ্ববিদ্যালয় (ঢাবি) ক্যাম্পাসে বহিরাগতদের প্রবেশ ও স্টিকারবিহীন যানবাহনের চলাচল নিয়ন্ত্রিত থাকবে বলে জানিয়েছে বিশ্ববিদ্যালয় কর্তৃপক্ষ।

বিস্তারিত: https://www.somoynews.tv/news/2026-06-24/8HyBsYR5",mixed,0,Telegram
"বুধবার (২২ জুন) স্বাস্থ্য অধিদফতরের হেলথ ইমার্জেন্সি অপারেশন সেন্টার ও কন্ট্রোলরুম থেকে পাঠানো ডেঙ্গু বিষয়ক এক প্রেস বিজ্ঞপ্তিতে এ তথ্য জানানো হয়।

বিস্তারিত : https://www.somoynews.tv/news/2026-06-24/W1YUJW71",mixed,0,Telegram
"প্রধানমন্ত্রীর রাজনৈতিক উপদেষ্টা (মন্ত্রী পদমর্যাদা) মির্জা আব্বাস উদ্দিন আহমেদ (এমপি) শারীরিক অসুস্থতা এবং সংসদে তার অনুপস্থিতির বিষয়ে...


বিস্তারিত: https://www.somoynews.tv/news/2026-06-23/F34KQxCH",mixed,0,Telegram
"প্রত্যক্ষদর্শীরা জানান, বিদ্যালয়ের একটি টিউবওয়েল থেকে পানি পান করার কিছুক্ষণ পর কয়েকজন শিক্ষার্থী অসুস্থ বোধ করতে শুরু করে। পরে একে একে আরও....


বিস্তারিত: https://www.somoynews.tv/news/2026-06-23/J7vOQ3ME",mixed,0,Telegram
"মঙ্গলবার (২৩ জুন) স্বাস্থ্য অধিদফতরের হামবিষয়ক নিয়মিত প্রতিবেদনে এ তথ্য জানানো হয়...

বিস্তারিত : https://www.somoynews.tv/news/2026-06-23/tK4WZsYQ",mixed,0,Telegram
"ডেঙ্গু প্রতিরোধে সমন্বিত ও কার্যকর পদক্ষেপ নিতে স্থানীয় সরকার প্রতিমন্ত্রী মীর শাহে আলমের তত্ত্বাবধানে একটি বিশেষ টাস্কফোর্স গঠনের সিদ্ধান্ত নেওয়া হয়েছে। টাস্কফোর্সটি...

বিস্তারিত : https://www.somoynews.tv/news/2026-06-23/5Dt3306Y",mixed,0,Telegram
"স্থানীয় সরকার, পল্লী উন্নয়ন ও সমবায় মন্ত্রী মির্জা ফখরুল ইসলাম আলমগীর বলেছেন, ডেঙ্গু প্রতিরোধে সংশ্লিষ্ট সব প্রতিষ্ঠানকে সমন্বিতভাবে কাজ করতে হবে। এটি মোকাবিলায় শুধু সরকারি উদ্যোগ নয়...


বিস্তারিত: https://www.somoynews.tv/news/2026-06-23/MEK807sv",mixed,0,Telegram
"অসুস্থ হয়ে চিকিৎসাধীন অবস্থায় কলাবাগান থানা বিএনপি’র যুগ্ম আহ্বায়ক শামীম উল্লাহ চিশতীর মৃত্যুতে গভীর শোক ও দুঃখ প্রকাশ করেছেন সড়ক পরিবহন ও সেতু, রেলপথ এবং নৌপরিবহন মন্ত্রী শেখ রবিউল আলম।


বিস্তারিত: 
 https://www.somoynews.tv/news/2026-06-22/XU4vu8I1",mixed,0,Telegram
"রোববার (২১ জুন) স্বাস্থ্য অধিদফতর থেকে পাঠানো এক বিজ্ঞপ্তিতে এসব তথ্য জানানো হয়েছে।

বিস্তারিত : https://www.somoynews.tv/news/2026-06-21/0T0I9Gy2",mixed,0,Telegram
"সুরমা ব্যবহার নবীজির সুন্নত। এটি চোখে জ্বালাপোড়া নিরাময় করে। পাশাপাশি চোখে প্রবেশকৃত ধুলা ও ক্ষতিকর পদার্থগুলো নিঃসরণে কার্যকর ভূমিকা পালন করে। এ ছাড়া সুরমায় রয়েছে চোখের জন্য ছোঁয়াচে সব ধরনের রোগজীবাণুকে ধ্বংস করার ক্ষমতা  

বিস্তারিত : https://www.somoynews.tv/news/2026-06-20/NCFJNVJC",mixed,0,Telegram
সব মহাদেশেই বার্ড ফ্লুর থাবা: অস্ট্রেলিয়ায় প্রথম সংক্রমণ শনাক্ত,mixed,0,Telegram
"আলজেরিয়ার বিপক্ষে প্রথম গোলটি করার পরই মেসি কান্নায় ভেঙে পড়েন। পরে কান্নার কারণ হিসেবে জানা যায় তার বাবা হোর্হে মেসির শারীরিক অসুস্থতার কথা। এমন সময়েই কি না আর্জেন্টিনার একটি টিভির এক উপস্থাপিকা হোর্হে মেসির মৃ'ত্যু'র গুজব ছড়িয়ে দিলেন  

বিস্তারিত : https://www.somoynews.tv/news/2026-06-19/6wstBEC9",mixed,0,Telegram
"থেমেও যেন থামছে না হামের প্রকোপ। মৃ'ত্যু'র হার কমলেও এখনও গড়ে হাজারের ওপর আক্রান্ত হচ্ছে। তিন মাসেই এ সংখ্যা ছাড়িয়েছে লাখ আর মৃ'ত্যু হয়েছে সাড়ে ছয়শর বেশি শিশুর। বিশ্লেষকরা বলছেন, নতুন কোনো ধরন নয়, পুরোনো বি-৩ ধরনেই দেশে হাম এই ভয়াবহতা ছড়িয়েছে।
বিস্তারিত : https://www.somoynews.tv/news/2026-06-19/BwTV88QN",mixed,0,Telegram
"বৃহস্পতিবার রাত ৯টায় রাজধানীর বাংলাদেশ স্পেশালাইজড হাসপাতালে চিকিৎসাধীন অবস্থায়...


বিস্তারিত: 
https://www.somoynews.tv/news/2026-06-19/AEGUQJT8",mixed,0,Telegram
"আদা, শসা ও লেবু মিশিয়ে রাতে ভিজিয়ে রাখা পানি সকালে বা দিনের যেকোনো সময় পান করলে শরীর কিছু উপকার পেতে পারে। তবে এটি কোনো অলৌকিক পানীয় নয়, বরং স্বাস্থ্যকর খাদ্যাভ্যাসের...

বিস্তারিত:https://www.somoynews.tv/news/2026-06-19/ZL7xK5Az",mixed,0,Telegram
"রাজধানীর পূর্ব শেওড়াপাড়ায় ইটের আঘাতে মোটরসাইকেল থেকে পড়ে গুরুতর আ'হ'ত সাজিদ চৌধুরী রাফি টানা সাত দিন ধরে ঢাকা মেডিকেল কলেজ হাসপাতালের আইসিইউতে অচেতন রয়েছেন। তবে পুলিশ বলছে, এটি ছি'ন'তা'ই নয়...


বিস্তারিত:
https://www.somoynews.tv/news/2026-06-19/sIKCVHIM",mixed,0,Telegram
"বৃহস্পতিবার (১৮ জুন) বিকেলে স্বাস্থ্য অধিদফতরের হেলথ ইমার্জেন্সি অপারেশন সেন্টার ও কন্ট্রোল রুম থেকে প্রকাশিত সর্বশেষ প্রতিবেদনে এসব তথ্য জানা গেছে  

বিস্তারিত : https://www.somoynews.tv/news/2026-06-18/zyDP7IyQ",mixed,0,Telegram
"গুরুতর অসুস্থ হয়ে রাজধানীর স্কয়ার হাসপাতালে ভর্তি প্রবীণ চিত্রশিল্পী, নাট্যব্যক্তিত্ব মুস্তাফা মনোয়ার


বিস্তারিত: https://www.somoynews.tv/news/2026-06-18/T0MwU1YO",mixed,0,Telegram
"রাজধানীর আদ-দ্বীন হাসপাতালে ছয় শিশুর মৃ'ত্যু প্রসঙ্গে স্বাস্থ্যমন্ত্রী সরদার মো. সাখাওয়াত হোসেন বলেছেন, ‘ছয় শিশুকে অবহেলায় মে'রে ফেলবে, আর কর্তৃপক্ষকে আঙুল দেখিয়ে শান্তিতে ঘুমাবে, তা হবে না। তাদের অবশ্যই শাস্তি পেতে হবে’।



বিস্তারিত: https://www.somoynews.tv/news/2026-06-16/5XEx7R0Q",mixed,0,Telegram
"দেশে ডেঙ্গু জ্বরে আক্রান্ত হয়ে গত ২৪ ঘণ্টায় আরও একজনের মৃ'ত্যু হয়েছে। এ সময় দেশের বিভিন্ন হাসপাতালে ...


বিস্তারিত: https://www.somoynews.tv/news/2026-06-16/x5UC9XR3",mixed,0,Telegram
"গত শনিবার স্বাস্থ্যমন্ত্রী বলেন, আদ্‌-দ্বীন হাসপাতাল কোটি কোটি টাকা নিয়ে ঘুরেছে, কিন্তু লাইসেন্স...  

বিস্তারিত :
https://www.somoynews.tv/news/2026-06-15/uwTSDBJS",mixed,0,Telegram
"প্রতিবেদনে দাবি করা হয়, মার্কিন প্রেসিডেন্ট এক ফোনকলে বলেছিলেন, ‘সব ইহুদি’ ই'স'রা'ই'লে'র প্রধানমন্ত্রী বেনিয়ামিন নেতানিয়াহুর ওপর বিরক্ত এবং হু'ম'কি দিয়েছিলেন যে...

বিস্তারিত:https://www.somoynews.tv/news/2026-06-24/P2FUWuXM",mixed,0,Telegram
"টানা তাপপ্রবাহে জনজীবন যখন ওষ্ঠাগত, তখন ফার্মেসিগুলোতে ওষুধের গুণগত মান নিয়ে একধরনের শঙ্কা তৈরি হয়েছে। মাত্রাতিরিক্ত তাপমাত্রার কারণে ফার্মেসিগুলোতে...


বিস্তারিত: https://www.somoynews.tv/news/2026-06-16/MROA3T4N",mixed,0,Telegram
"রাজধানীর ধানমন্ডিতে নাফিসা তাবাসসুম ধীপ্রা নামে এক চিকিৎসকের মৃ'ত্যু'র ঘটনায় চারজনের বিরুদ্ধে মামলার আবেদন...


বিস্তারিত: https://www.somoynews.tv/news/2026-06-16/HLYuIXL6",mixed,0,Telegram
[Hill communities oppose move to bring them under income tax net](https://www.thedailystar.net/news/bangladesh/news/hill-communities-oppose-move-bring-them-under-income-tax-net-4210546),mixed,0,Telegram
[TIB launches project to ensure transparency in reproductive health services](https://www.thedailystar.net/news/news/tib-launches-project-ensure-transparency-reproductive-health-services-4210506),mixed,0,Telegram
[‘Why do you link every issue to party ideology?’ Health minister asks Jamaat MPs](https://www.thedailystar.net/news/the-parliament-watch/parliament/news/why-do-you-link-every-issue-party-ideology-health-minister-asks-jamaat-mps-4210376),mixed,0,Telegram
"[Saudi Aramco helicopter crash kills 14, state news agency says](https://www.thedailystar.net/news/world/news/saudi-aramco-helicopter-crash-kills-14-state-news-agency-says-4210371)",mixed,0,Telegram
[4 new suspected measles deaths push combined toll to 712](https://www.thedailystar.net/health/disease/news/4-new-suspected-measles-deaths-push-combined-toll-712-4210336),mixed,1,Telegram
[Civilian plane crash kills 11 in eastern France: local authorities](https://www.thedailystar.net/news/world/news/civilian-plane-crash-kills-11-eastern-france-local-authorities-4210356),mixed,0,Telegram
[Three Pakistani troops killed in terror attack in Karachi](https://www.thedailystar.net/news/asia/south-asia/news/three-pakistani-troops-killed-terror-attack-karachi-4210126),mixed,0,Telegram
[Vitamin A Plus campaign starts today with 2.4 crore child target](https://www.thedailystar.net/health/news/itamin-plus-campaign-starts-today-24-crore-child-target-4210136),mixed,1,Telegram
"[Austria draw with Algeria in thriller to reach knockout stage, Iran eliminated](https://www.thedailystar.net/sports/sports-special/fifa-world-cup-2026/news/austria-draw-algeria-thriller-reach-knockout-stage-iran-eliminated-4210106)",mixed,0,Telegram
[BMU justifies cancellation of Prof ABM Abdullah’s lifetime emeritus appointment](https://www.thedailystar.net/health/news/bmu-justifies-cancellation-prof-abm-abdullahs-lifetime-emeritus-appointment-4209591),mixed,0,Telegram
[‘Forest robber’ killed in ‘gunfight’ with Coast Guard in Khulna](https://www.thedailystar.net/news/crime-justice/news/forest-robber-killed-gunfight-coast-guard-khulna-4209541),mixed,0,Telegram
[Six more die of suspected measles in 24 hours](https://www.thedailystar.net/health/disease/news/six-more-die-suspected-measles-24-hours-4209476),mixed,1,Telegram
[‘Who killed the intellectuals?’: BNP MP questions Jamaat’s role in 1971](https://www.thedailystar.net/news/the-parliament-watch/parliament/news/who-killed-the-intellectuals-bnp-mp-questions-jamaats-role-1971-4209491),mixed,0,Telegram
[World Cup waiting room: Who can still squeeze into the knockouts?](https://www.thedailystar.net/sports/sports-special/fifa-world-cup-2026/news/world-cup-waiting-room-who-can-still-squeeze-the-knockouts-4209381),mixed,0,Telegram
[Pilot killed when small plane crashed into Beijing skyscraper: authorities](https://www.thedailystar.net/news/asia/china/news/pilot-killed-when-small-plane-crashed-beijing-skyscraper-authorities-4209376),mixed,0,Telegram
[DGHS survey flags eight Chattogram wards as high-risk for dengue](https://www.thedailystar.net/news/bangladesh/news/dghs-survey-flags-eight-chattogram-wards-high-risk-dengue-4209301),mixed,1,Telegram
"[Venezuela earthquakes kill 920, tens of thousands missing](https://www.thedailystar.net/news/world/news/venezuela-earthquakes-kill-920-tens-thousands-missing-4209181)",mixed,0,Telegram
[Two killed in overnight fire at Katabon's Al Baraka Tower](https://www.thedailystar.net/news/accidents-fires/news/two-killed-overnight-fire-katabons-al-baraka-tower-4209191),mixed,0,Telegram
"জনপ্রিয় চিকিৎসক ও দাম্পত্য পরামর্শক দম্পতি ডা. সুষমা রেজা এবং ডা. সায়েদুল আশরাফ কুশল তাদের দীর্ঘ ২০ বছরের বৈবাহিক জীবনের ইতি টেনেছেন। ডা. সুষমা রেজা শনিবার (২৭ জুন) ফেসবুকে একটি পোস্টের নিজেদের বিচ্ছেদের ঘোষণা দেন। 
বিস্তারিত : [www.somoynews.tv/news/2026-06-28/X1Fz0Y1t](http://www.somoynews.tv/news/2026-06-28/X1Fz0Y1t?fbclid=IwZXh0bgNhZW0CMTAAYnJpZBExNnJjeW5yRHVySVdZdllFbnNydGMGYXBwX2lkEDIyMjAzOTE3ODgyMDA4OTIAAR7KLSDuA-6KsWCgcNlsrq8x3FhwV5joFwkSWyaIBP9B5XVsBKp68tQm0E3maw_aem_PDxBzqlFrr9c9LluisZ3Hg)",mixed,0,Telegram
"রোববার (২৮ জুন) রাজধানীর আবু সাঈদ ইন্টারন্যাশনাল কনভেনশন সেন্টারে দেশব্যাপী ভিটামিন ‘এ’ প্লাস ক্যাম্পেইনের প্রথম রাউন্ড উদ্বোধন করে স্বাস্থ্যমন্ত্রী সরদার মো. সাখাওয়াত হোসেন এ কথা বলেন।

বিস্তারিত : https://www.somoynews.tv/news/2026-06-28/FU15JOUP",mixed,0,Telegram
"শনিবার (২৭ জুন) স্বাস্থ্য অধিদফতরের হেলথ ইমার্জেন্সি অপারেশন সেন্টার ও কন্ট্রোল রুম থেকে পাঠানো এক সংবাদ বিজ্ঞপ্তিতে এ তথ্য জানানো হয়...

বিস্তারিত :  https://www.somoynews.tv/news/2026-06-27/B0UuZL0J",mixed,0,Telegram
Achha doctor ja khachhe bomi hoye uthe jachhe. Gaye jor jor lagche. Ei tao ki dengue symptom?,mixed,1,YouTube
ডাক্তারের অবস্থা ও অনেক খারাপ দেখা যায়,mixed,0,YouTube
"আমার তিন দিন ধরে জ্বর,,গা ব্যথা ও সর্দি কাশি এবং অনেক গলা ব্যথা,, এখন আমার কি ডেঙ্গু হয়েছে,,😢😢",mixed,0,YouTube
নেগেটিভ হলে ডেঙ্গু হবে না এই কথা মনে করার কোন ভিত্তি নেই তাহলে টেস্ট করানোর কোন ভিত্তি আছে ব্যবসা ছাড়া কিছুই নয়,mixed,0,YouTube
Amar sordi kashijor ❤❤❤❤amar oisob lokhon ami paini allah tmi maf koro,mixed,1,YouTube
Chokay ki jor Hoya rokto Ute?,mixed,1,YouTube
"জ্বর নাই হালকা মাথা ব্যাথা আর ঘনঘন বমি,, আল্লা হেফাজত করো",mixed,0,YouTube
সবাই আমার জন্য দোয়া করবেন .আমরা গরীব মানুষ 😭😭 ডেঙ্গু জ্বরে আক্রান্ত এক সপ্তাহ ধরে,mixed,0,YouTube
ধন্যবাদ স্যার কথা গুলো সুন্দর করে বোঝানোর জন্য। ডেঙ্গু হলে অনেকে অনেক রকম ভয় দেখায় যে এটা হবে ঐটা হবে রক্তের প্লাটিনেট  নিয়ে পরে দুশ্চিন্তা  হতে থাকে,mixed,0,YouTube
Dengo jorer madecine ki,mixed,0,YouTube
amar 103°jor amar ki deggu hoise,mixed,1,YouTube
হে ঈশ্বর ডেংগু জ্বর থেকে তুমি  আমরা  সহধর্মিণী কে রক্ষা কর। 😢😢😢,mixed,0,YouTube
"আলহামদুলিল্লাহ,  ডেংগু জ্বরের খুবই ভয়াবহ পরিস্থিতি থেকে মহান আল্লাহ তা'আলা বেঁচে ফিরিয়েছেন আমাকে।",mixed,0,YouTube
"আমার মা তিন দিন ধরে জ্বরে ভুগছে, সবাই প্রার্থনা করো যাতে তাড়াতাড়ি সুস্থ হয়ে ওঠে",mixed,0,YouTube
"আমি নিজেই আক্রান্ত হয়েছিলাম। ব্যাচেলর থাকি তাই প্রথম চারদিন ১০২° জ্বর নিয়ে একা রুমে কাটিয়েছি।যে মানুষ কখনো পড়ে যাইনি সেই মানুষ দুই বার উল্টে পড়ে গেছি অজ্ঞান হয়ে।  তারপর পরীক্ষা করিয়ে ধরা পড়লো ডেঙ্গু।  পঞ্চম দিন থেকে জ্বর কমে গেলো। হসপিটালাইসড হলাম, একের পর এক স্যালাইন চললো। তার সাথে আমার একাকিত্ব! দুঃর্ভিসহ হয়ে উঠলো জীবন।  ৩০ হাজার প্লাটিলেট নিয়ে বাসায় ফিরলাম। তারপর প্রচুর ফ্রুটস আর জুস খাওয়া শুরু করলাম। তারপর মোটামুটি ভালোর দিকে। যখন কমেন্ট লিখছি তখন আমার অসুস্থতার ১২তম দিন। ডেঙ্গু যে কতটা ভয়াবহ সেটা আমি বুঝেছি। ফল এবং জুসের ভূমিকা অনেক। খেতে হবে জোর করে হলেও। তার আগে সবাইকে সাবধান হতে হবে।",mixed,0,YouTube
ডেঙ্গু জ্বর যে এতো ভয়ংকর নিজের চোখে না দেখলে বিশ্বাস করতাম না। আল্লাহ সবাইকে এতো কষ্ট থেকে হেফাজতে রাখুন। আমিন।,mixed,0,YouTube
"ধন্যবাদ স্যার আপনাকে,,, একমাত্র মহান আল্লাহ্ পাক পারেন আমাদের এই ডেঙ্গু মিশাকে বিনাশ করে দিয়ে সুরক্ষা দিতে। আসুন আমরা সবাই সচেতন হই ও তাকে বেশী বেশী ডাকি ( আমীন)",mixed,0,YouTube
এই ডেঙ্গু নিয়ে সরকারের  বড় ধরনের উদ্যোগ নেওয়া উচিত বলে আমি মনে করি,mixed,0,YouTube
Allah jor Valo Korey dean,mixed,0,YouTube
আরে করোনা টরোনা কিছু না আমরা পান খাই 🤣🤣,mixed,0,YouTube
"গরীবের করোনা হয় না, খেটে খাওয়া মানুষ এর করোনা হয় না, করোনা শহরের রোগ, আমরা গ্রাম এ থাকি, আমাদের কিছুই হবে না, করোনা একটা গুজব, তাই লকডাউন মানি না। কত কথা শুনলাম। এখন কেনো হাহাকার করে। সময় থাকতে কেউ সচেতন হয় না। আর যার হয় বা যার পরিবারে হয়, সেই বুঝে কাউকে হারানোর কষ্ট।",mixed,0,YouTube
দেখেন সবাই বরলুক।গরিবের করোনা নাই।,mixed,0,YouTube
"করোনা যা করার করেই যাবে 
তোরা শুধু শাওয়া ডাউন করে বসে থাক",mixed,0,YouTube
Mittha kotha.corona to 9 diner sutite Uganda gese,mixed,1,YouTube
জর হলেই করোনা গোজব এটা।আমার বাড়ির সবার জর ছিলো।সাবাই ঠিক হয়ে গেছে জরের ঔষদ খান খেলেই ঠিকহবে,mixed,0,YouTube
Yeah. Right now things aren't going well. Daily 1500+ infection rate passed. More incoming. Ya Allah,mixed,1,YouTube
করোনার থেকে শিক্ষাবোর্ড সেরা রে😂😂😂,mixed,0,YouTube
করোনা পরীক্ষার কিট এর সংকট এর জন্য ঠিক মতন সনাক্ত হচ্ছেনা।নয়তো ১০০ এর ওপরে প্রতিদিন  ছাড়িয়ে যাবে।,mixed,0,YouTube
লাফিয়ে বাড়ানোর আগে করোনার দমন করা উচিত 😅,mixed,0,YouTube
আমাদের শিক্ষা বোর্ড করোনার চেয়ে শক্তিশালী😂😂😂,mixed,0,YouTube
"রাজশাহী বিভাগের নওগাঁ জেলা তে প্রায় সব স্কুল, মাদ্রাসাতে ২৪'বা'২৫ তারিখ থেকে পরীক্ষা নেওয়া নির্দেশ দেওয়া হয়েছে,আমাদের ছাএদের যদি কোনো স্বাস্থ্যঝুঁকি বা করোনা সনাক্ত হয় তা হলে এর দায় কে নিবে,আল্লাহ সবাই কে হেফাজত করুক আমিন 😭😭",mixed,0,YouTube
COVID is getting worst.. I am scared... COVID and HSC ... Dying,mixed,1,YouTube
বাংলাদেশ এর অধিকাংশ test ল্যাব কিটের অভাবে করোনা টেস্ট করতে ব্যার্থ। ঢাকা সহ প্রধান কিছু জায়গায় টেস্ট হচ্ছে। এতেই ১২-১৫ জন নিয়মিত আক্রান্ত হচ্ছে। তাহলে গণহারে টেস্ট শুরু করলে আক্রান্ত প্রতিদিন ১০০+ বের হবে। আক্রান্তের ঝুকি চরম লেভেলের। স্বাস্থ্য সুরক্ষা আগে পরে পরীক্ষা 😖😣✊,mixed,0,YouTube
এই মুহূর্তে বোর্ড চেয়ারম্যানদের আর শিক্ষা উপদেষ্টাকে জড়িয়ে ধরুন করোনা আক্রান্ত শিক্ষার্থীরা। তাদের প্রতি আমাদের সম্মান প্রদর্শন হিসেবে এই উপহার দেওয়া ফরজ❤,mixed,0,YouTube
প্রথমত করোনা তাছাড়া আমাদের বই এবার অনেক দেরিতে দিয়েছে তিন মাসে কেউ আমরা সব বই পাইনি তাই মনে হচ্ছে পরীক্ষাটা খুব তাড়াতাড়ি নিয়ে নেয়া হচ্ছে আমরা চাই পরীক্ষা পিছানো হোক এটা শুধু আমার একার মন্তব্য নয় এটা অনেক শিক্ষার্থীরই মন্তব্য আমি দেখেছি আর পেছানো হলে সব ক্লাসে পিছানো হোক কে কি আমার সাথে একমত থাকতো না তাছাড়া যারা কিনা অষ্টম শ্রেণীতে পড়ে অনেকেরই নাকি বৃত্তি পরীক্ষা হবে তো আমরা অষ্টম শ্রেণীরা হঠাৎ করে এই নতুন কারিকুলাম টা পাই ষষ্ঠ শ্রেণী থেকে আমরা যে অংকগুলো এগুলো পড়তাম এখন আমরা ওইটা এইটে উঠে মানে আমরা দুই বছর ভালোভাবে কিছুই পড়তে পারি নাই হঠাৎ করে যদি এখন এরকম দিয়ে দেয় তাহলে কঠিন লাগবে তাই আমাদের কোন সুযোগ দেয়া হচ্ছে না ঠিক ভাবে নিজেদেরকে প্রস্তুত করার জন্য তাই আমরা চাই পরীক্ষাটা পেছানো হোক😢😢,mixed,0,YouTube
যদি করোনা এভাবে বাঁধতে থাকে তাহলে মনে হচ্ছে বাংলাদেশের নির্বাচন আর হবে না এটাই বাংলাদেশের জন্য অনেক ভালো এবং উন্নত হবে,mixed,0,YouTube
এবার করোনা ভাইরাসে সারাবিশ্বে ধ্বংস হয়ে যাবে আল্লাহ এবার তাদের সবাইকে সবার উপরে মানুষ সত্য মানুষের উপরে আল্লাহর সত্য আছে বিশ্বাস করতে হবে সবাই,mixed,0,YouTube
এটা করোনা ভাইরাস না এটা রাজনীতি ভাইরাস 😅😅😅,mixed,0,YouTube
করোনাকে এখন আর মানুষ ভয় পায় না,mixed,0,YouTube
"করোনার সময় যারা জীবন বাজি রেখে যুদ্ধ করেছে তারা আজ চাকরি হারা,  আল্লাহ তাদের কথা শুনেছেন এইজন্য আল্লাহ আবার গজব নাজিল করেছেন",mixed,0,YouTube
এই ভাইরাস কি পারবে HSC পরীক্ষা থামাতে 🙂☠️,mixed,0,YouTube
ও করোনা তুমি আমায় ধরোনা 😂😂,mixed,0,YouTube
আমার তো কাশি 😢😢😢,mixed,0,YouTube
খুব সুন্দর ভাবে বুঝিয়ে দেওয়ার জন্য ধন্যবাদ স্যার। অনেক ডাক্তার আছেন আপনার মতো এত সুন্দর করে বুঝান না আপনাকে অসংখ্য ধন্যবাদ। মাশ আল্লাহ্।।,mixed,0,YouTube
Thanks doctor. আসলে মানুষের  জীবনটা সবার ঊর্ধ্বে  এটা বিনিময় যোগ্য নয় তাই এটাকে সেভ করতে হয়।,mixed,0,YouTube
"Very important messsage sir.
A lot of thanks.
Me now 40 years.
Whole the life i took a lot of medicine for that problems. 
May Allah give you good rewards.
Ameen.",mixed,0,YouTube
জ্বর হলে শরীল মুচে দিতে বলেছেন আমাদের মহানবী হজরত মুহাম্মদ সল্লাল্লাহু আলাইহি ওয়াসাল্লাম,mixed,0,YouTube
"ভুজুংভাজুং ডাক্তারদের যুগে আপনি এমনভাবে বুঝিয়ে বললেন যা বলার মতো নয়।
আল্লাহ আপনার মঙ্গল করুক।❤",mixed,0,YouTube
আমি ভাগিনার প্রচুর জ্বর মাএ ৯ দিন হইছে সবাই ইকটু খাস করে দোয়া করবেন 🥺🥺🤲,mixed,0,YouTube
আমার অনেক জ্বর সবাই দোয়া করবেন,mixed,0,YouTube
ডাক্তার সাহেব খুব সুন্দরভাবে উপস্থাপন করছে❤,mixed,0,YouTube
Thanks doctor for good sussation.,mixed,0,YouTube
ধন্যবাদ আপনার উপদেশ গুলো। @doctorola tv,mixed,0,YouTube
শুভ কামনা ডাক্তার সাহেব ।,mixed,0,YouTube
ডেঙ্গু পরীক্ষা করতে কত টাকা লাগে,mixed,0,YouTube
"Ei information america,  Europe 1st world er people’s er jornoo, Bangladesh er beshir vag manush year e doctor er kacy jai na.
 karon
1) Doctors ra believed orjon korty paryni, tini ja treatment ditychy ta tar shamottho onujaye best treatment,  kintu guti koyek doctors chara, beshir vag e ajaira onk cost korai, ja logical e hoito proyojon acy, but ta tar shamortho onujaye oproyojonio onk beshi medicine,  test diye thaky, year er shokol cost ek barei korai fely.
R doctors der kono jobabdhihi nai ei continent e, tar moddhee Bangladesh er obostha aro kharap.
1st World e doctor ra tension e thaky jotokhon na rogi valo hoi.
Aro onk pb acy, din ei Bangladesh e sob kichutei vejal.",mixed,0,YouTube
"হায় আল্লাহ এই রোগতো করনার মতই ভয়ানক।  সরকারি ভাবে  মশক নিধনের জন্য কঠোর পদক্ষেপ নিতে হবে। আজ প্রায় ১মাস এর উপরে হবে আমার এলাকায় কোন  ঔষধ  ছিটানো হয়নি। 


 কঠোর  ব্যবস্থা  নেয়া উচিত যেন",mixed,0,YouTube
"sir amr ammur dengue IgG positive ashce , tar shoriler haat payer jointe gula onk betha, betha kombe kivabe etar koroniyo ki bolben plz  sir",mixed,1,YouTube
একজন ব্যক্তির ২য় বার ডেঙ্গু হলে সেটাওকি মশার কামড়ে হয় স্যার??,mixed,0,YouTube
"Sir;
I can't walk about dengue fever bloody and diarrhoea",mixed,1,YouTube
"আমার হাজবেন্ডের ডেঙ্গু হয়েছে, সে কী গ্যাসের ওষুধ খেতে পারবে।",mixed,0,YouTube
ডেঙ্গু হলে কি মাথা ব্যথার ওষুধ খাওয়া যাবে প্রচুর মাথা ব্যথা,mixed,0,YouTube
আমার ছেলের ১০ মাস  ওর ডেঙ্গু পজেটিভ হইছে স্যার এখন ওকে কি ভর্তি করতে হবে ওর ভূমি ভূমি এমনকি জ্বর এগুলা নাই জ্বর থেমে থেমে আসে কোন রক্তপাত হয় না নাক  এমনকি পায়খানার রাস্তা দিয়ে রক্তপাত হয় না ওকে কি ভর্তি করতে হবে,mixed,0,YouTube
"আদ দ্বীন হাসপাতালের উপর জুলুম করা হয়েছে। 
রাষ্ট্রীয় জুলুম",mixed,0,YouTube
"রাজনীতি করতে যেয়ে বিনপি হাসপাতাল বন্ধ করল - বিপাকে পরল চিকিৎসা প্রত্যাশি সাধারণ জনগন, মেডিকেলের স্টাফ-কর্মচারীরা এবং মেডিকেল কলেজের শিক্ষার্থীরা। 

এটাই বাংলাদেশ!",mixed,0,YouTube
"আদ দ্বীন হাসপাতালের সাথে সরকার এখন সয়তানি করতাছে। সব কিছুর লিমিট থাকে, সরকার যা করতাছে এটা বারাবাড়ি।",mixed,0,YouTube
এই বিষয়টা নিয়ে সরকারের বদনাম হবে এটা আমরা চাই না সরকারের কাছে অনুরোধ হাসপাতালের লাইসেন্স ফিরিয়ে দিক,mixed,0,YouTube
এটা সাধারণ জনগণের ও দাবী। হাসপাতালের লাইসেন্স মানবিক কারণে ফিরিয়ে দেওয়া হোক। আমাদের দেশের জন্য ও কল্যাণকর হবে। আসলে হাসপাতাল তো একটি সেবামূলক প্রতিষ্ঠান মাত্র। এর তো শাস্তি হতে পারে না। আর শিক্ষার্থীদের বিষয় বিবেচনা করে হাসপাতালের লাইসেন্স ফিরিয়ে দেওয়ার জন্য বিনীত আবেদন করছি।,mixed,0,YouTube
Unader ke onno medical hospital e transfer kora uchit,mixed,0,YouTube
হাম রোগ হয়লে  কিভাবে বুঝবো,mixed,0,YouTube
আমরা রোগী আছে আমরার😅😅😅😅😅😅😅😅😅😅😅😅❤❤❤❤❤❤❤😂😂😂😂😆 সেলুন ভাই,mixed,0,YouTube
বড়ই পাতার গরম পানি দিয়ে গোসল করান তাহলে  রোগ ভালো হয়ে যেতে পারে ইনশাআল্লাহ,mixed,0,YouTube
"জীবন টা তেনা তেনা হয়ে গেছে এই হাসপাতালে গিয়ে,সরকার হাসপাতাল না বানিয়ে আরো 2,4 তা পদ্মা সেতু করলে ক্যান্সার কমবে👍",mixed,0,YouTube
যে বিপদে পড়ে সে বুঝে  সরকারি হাসপাতালে কত ধানে কত ছাউল জুতার তলা ক্ষয় হইয়া যায় কিন্তু সিরিয়াল পাওয়া যায় না যে বিপদে পড়ে সেই বুঝে আশা করি  বর্তমান সরকারের এদিকে নজর দেওয়া উচিত অন্তত প্রত্যেকটা জেলা একটা করে  ক্যান্সার হসপিটাল দেওয়ার জন্য অনুরোধ করছি।,mixed,0,YouTube
অনেক কষ্ট করতে হয় এই হাসপাতালে। কেমোথেরাপি জন্য লাইন ধরতে হয়।আবার তারিখ নেওয়ার সময়ই লাইন ধরতে হয়। এমনো হয় যে সময় শেষ ফাইল জমা নিবে না।আবার পরের দিন ভোরে ফাইল জমা দেও।সত্যি এই হাসপাতালে ভালো মানুষ গেলে অসুস্থ হয়ে যাবে,mixed,0,YouTube
চরম ভোগান্তি পোহাতে হয় রোগীদের... তারই পাশে শেখ রাসেল জাতীয় গ্যাস্ট্রোলিভার হাসপাতালেও একই কন্ডিশন...  এক দেড় মাস ঘুরেও ভর্তি হওয়া যায়না....,mixed,0,YouTube
এ হাসপাতালের কিছু কু কর্মের প্রমান আছে আমার কাছে,mixed,0,YouTube
বাবাঃ এতবড়ো দেশে মাত্র একটি সরকারি ক্যান্সার হাসপাতাল?,mixed,0,YouTube
"ডাক্তারের জন্য রোগী কেন লাইন দেবে?
রোগীর জন্য ডাক্তারদের লাইন দেওয়া উচিত।",mixed,0,YouTube
"দেশের সব সরকারি হাসপাতালে একে চিত্র যেমন ন্যাশনাল ইনস্টিটিউট অব নিউরোসাইন্স পেডিয়াটিক নিউরোসাজারী আউট ডোরে রুগি দেখাইছি আমার বাচ্চা রিপোর্ট ভালে আলহামদুলিল্লাহ, কিন্তু নারায়ণগঞজ থেকে এক বাচ্চা নিয়ে দুই ধরে ঘুরছে কিন্তু চিকিৎসা হচ্ছে না অথচ চার মাসের বাচ্চা মাথায় মাফ হবে 34থেকে 35 সেন্টিমিটার সে জায়গায় 50 সেন্টিমিটার হয়েছে।",mixed,0,YouTube
"এই হাসপাতালে কি অডিওগ্রাম রিপোর্ট করা হয়, কেউ জানলে জানাবেন প্লিজ",mixed,0,YouTube
